,,,,,,,,,,,,,,,,,,,,,,,,,,,,,,,,,,,,,,,,,,,,,,,,,,,,,,,,,,,
,,,,,,,,,,,,,,,,,,,,,,,,,,,,,,,,,,,,,,,,,,,,,,,,,,,,,,,,,,,
介護給付費等の算定に係る体制等状況一覧表,,,,,,,,,,,,,,,,,,,,,,,,,,,,,,,,,,,,,,,,,,,,,,,,,,,,,,,,,,,
,,,,,,,,,,,,,,,,,,,,,,,,,,,,,,,,,,,,,,,,,,,,,,,,,,,,,,,,,,,
提供サービス,,,,,,,,,,定員数,,,,定員規模,,,,,,"多機能型等
　　定員区分（※1）",,,,,,"人員配置区分
（※2）",,,,,その他該当する体制等,,,,,,,,,,,,,,,,,,,,,,,,,,,,
,,,,,,,,,,,,,,,,,,,,,,,,,,,,,,,,,,,,,,,,,,,,,,,,,,,,適用開始日,,,,,,,
各サービス共通,,,,,,,,,,,,,,,,,,,,,,,,,,,,,,,地域区分,,,,,,"　　１．一級地　２．二級地　３．三級地　４．四級地　５．五級地  　
　　６．六級地　７．七級地　２０．その他",,,,,,,,,,,,,,,,,,,,,,
介護給付費,居宅介護,,,,,,,,,,,,,,,,,,,,,,,,,,,,,,特定事業所,,,,,,　１．なし　　２．Ⅰ　　３．Ⅱ　　４．Ⅲ　　５．Ⅳ,,,,,,,,,,,,,,,,,,,,,,
,,,,,,,,,,,,,,,,,,,,,,,,,,,,,,,福祉・介護職員処遇改善加算対象,,,,,,　１．なし　　２．あり,,,,,,,,,,,,,,,,,,,,,,
,,,,,,,,,,,,,,,,,,,,,,,,,,,,,,,福祉・介護職員等特定処遇改善加算対象,,,,,,　１．なし　　２．あり,,,,,,,,,,,,,,,,,,,,,,
,,,,,,,,,,,,,,,,,,,,,,,,,,,,,,,福祉・介護職員等ベースアップ等支援加算対象,,,,,,　１．なし　　２．あり,,,,,,,,,,,,,,,,,,,,,,
,,,,,,,,,,,,,,,,,,,,,,,,,,,,,,,キャリアパス区分（※3）,,,,,,"  １．Ⅲ（キャリアパス要件（Ⅰ又はⅡ）及び職場環境等要件のいずれも満たす）
  ５．Ⅱ（キャリアパス要件（Ⅰ及びⅡ）及び職場環境等要件のいずれも満たす）
  ６．Ⅰ（キャリアパス要件（Ⅰ及びⅡ及びⅢ）及び職場環境等要件のいずれも満たす）",,,,,,,,,,,,,,,,,,,,,,　
,,,,,,,,,,,,,,,,,,,,,,,,,,,,,,,福祉・介護職員等特定処遇改善加算区分（※4）,,,,,,　１．Ⅰ　　２．Ⅱ,,,,,,,,,,,,,,,,,,,,,,
,,,,,,,,,,,,,,,,,,,,,,,,,,,,,,,共生型サービス対象区分,,,,,,　１．非該当　　２．該当,,,,,,,,,,,,,,,,,,,,,,
,,,,,,,,,,,,,,,,,,,,,,,,,,,,,,,地域生活支援拠点等,,,,,,　１．非該当　　２．該当,,,,,,,,,,,,,,,,,,,,,,
,重度訪問介護,,,,,,,,,,,,,,,,,,,,,,,,,,,,,,特定事業所,,,,,,　１．なし　　２．Ⅰ　　３．Ⅱ　　４．Ⅲ,,,,,,,,,,,,,,,,,,,,,,　
,,,,,,,,,,,,,,,,,,,,,,,,,,,,,,,福祉・介護職員処遇改善加算対象,,,,,,　１．なし　　２．あり,,,,,,,,,,,,,,,,,,,,,,　
,,,,,,,,,,,,,,,,,,,,,,,,,,,,,,,福祉・介護職員等特定処遇改善加算対象,,,,,,　１．なし　　２．あり,,,,,,,,,,,,,,,,,,,,,,
,,,,,,,,,,,,,,,,,,,,,,,,,,,,,,,福祉・介護職員等ベースアップ等支援加算対象,,,,,,　１．なし　　２．あり,,,,,,,,,,,,,,,,,,,,,,
,,,,,,,,,,,,,,,,,,,,,,,,,,,,,,,キャリアパス区分（※3）,,,,,,"  １．Ⅲ（キャリアパス要件（Ⅰ又はⅡ）及び職場環境等要件のいずれも満たす）
  ５．Ⅱ（キャリアパス要件（Ⅰ及びⅡ）及び職場環境等要件のいずれも満たす）
  ６．Ⅰ（キャリアパス要件（Ⅰ及びⅡ及びⅢ）及び職場環境等要件のいずれも満たす）",,,,,,,,,,,,,,,,,,,,,,　
,,,,,,,,,,,,,,,,,,,,,,,,,,,,,,,福祉・介護職員等特定処遇改善加算区分（※4）,,,,,,　１．Ⅰ　　２．Ⅱ,,,,,,,,,,,,,,,,,,,,,,
,,,,,,,,,,,,,,,,,,,,,,,,,,,,,,,共生型サービス対象区分,,,,,,　１．非該当　　２．該当,,,,,,,,,,,,,,,,,,,,,,
,,,,,,,,,,,,,,,,,,,,,,,,,,,,,,,地域生活支援拠点等,,,,,,　１．非該当　　２．該当,,,,,,,,,,,,,,,,,,,,,,
,同行援護,,,,,,,,,,,,,,,,,,,,,,,,,,,,,,特定事業所,,,,,,　１．なし　　２．Ⅰ　　３．Ⅱ　　４．Ⅲ　　５．Ⅳ,,,,,,,,,,,,,,,,,,,,,,　
,,,,,,,,,,,,,,,,,,,,,,,,,,,,,,,福祉・介護職員処遇改善加算対象,,,,,,　１．なし　　２．あり,,,,,,,,,,,,,,,,,,,,,,
,,,,,,,,,,,,,,,,,,,,,,,,,,,,,,,福祉・介護職員等特定処遇改善加算対象,,,,,,　１．なし　　２．あり,,,,,,,,,,,,,,,,,,,,,,
,,,,,,,,,,,,,,,,,,,,,,,,,,,,,,,福祉・介護職員等ベースアップ等支援加算対象,,,,,,　１．なし　　２．あり,,,,,,,,,,,,,,,,,,,,,,
,,,,,,,,,,,,,,,,,,,,,,,,,,,,,,,キャリアパス区分（※3）,,,,,,"  １．Ⅲ（キャリアパス要件（Ⅰ又はⅡ）及び職場環境等要件のいずれも満たす）
  ５．Ⅱ（キャリアパス要件（Ⅰ及びⅡ）及び職場環境等要件のいずれも満たす）
  ６．Ⅰ（キャリアパス要件（Ⅰ及びⅡ及びⅢ）及び職場環境等要件のいずれも満たす）",,,,,,,,,,,,,,,,,,,,,,
,,,,,,,,,,,,,,,,,,,,,,,,,,,,,,,福祉・介護職員等特定処遇改善加算区分（※4）,,,,,,　１．Ⅰ　　２．Ⅱ,,,,,,,,,,,,,,,,,,,,,,
,,,,,,,,,,,,,,,,,,,,,,,,,,,,,,,地域生活支援拠点等,,,,,,　１．非該当　　２．該当,,,,,,,,,,,,,,,,,,,,,,
,行動援護,,,,,,,,,,,,,,,,,,,,,,,,,,,,,,特定事業所,,,,,,　１．なし　　２．Ⅰ　　３．Ⅱ　　４．Ⅲ　　５．Ⅳ,,,,,,,,,,,,,,,,,,,,,,
,,,,,,,,,,,,,,,,,,,,,,,,,,,,,,,福祉・介護職員処遇改善加算対象,,,,,,　１．なし　　２．あり,,,,,,,,,,,,,,,,,,,,,,
,,,,,,,,,,,,,,,,,,,,,,,,,,,,,,,福祉・介護職員等特定処遇改善加算対象,,,,,,　１．なし　　２．あり,,,,,,,,,,,,,,,,,,,,,,
,,,,,,,,,,,,,,,,,,,,,,,,,,,,,,,福祉・介護職員等ベースアップ等支援加算対象,,,,,,　１．なし　　２．あり,,,,,,,,,,,,,,,,,,,,,,
,,,,,,,,,,,,,,,,,,,,,,,,,,,,,,,キャリアパス区分（※3）,,,,,,"  １．Ⅲ（キャリアパス要件（Ⅰ又はⅡ）及び職場環境等要件のいずれも満たす）
  ５．Ⅱ（キャリアパス要件（Ⅰ及びⅡ）及び職場環境等要件のいずれも満たす）
  ６．Ⅰ（キャリアパス要件（Ⅰ及びⅡ及びⅢ）及び職場環境等要件のいずれも満たす）",,,,,,,,,,,,,,,,,,,,,,
,,,,,,,,,,,,,,,,,,,,,,,,,,,,,,,福祉・介護職員等特定処遇改善加算区分（※4）,,,,,,　１．Ⅰ　　２．Ⅱ,,,,,,,,,,,,,,,,,,,,,,
,,,,,,,,,,,,,,,,,,,,,,,,,,,,,,,地域生活支援拠点等,,,,,,　１．非該当　　２．該当,,,,,,,,,,,,,,,,,,,,,,
,療養介護,,,,,,,,,,,,,"１．40人以下
２．41人以上60人以下
３．61人以上80人以下
４．81人以上",,,,,,,,,,,,"１．Ⅰ型
２．Ⅱ型
３．Ⅲ型
４．Ⅳ型
５．Ⅴ型",,,,,特例対象（※5）,,,,,,　１．なし　　２．あり,,,,,,,,,,,,,,,,,,,,,,
,,,,,,,,,,,,,,,,,,,,,,,,,,,,,,,定員超過,,,,,,　１．なし　　２．あり,,,,,,,,,,,,,,,,,,,,,,
,,,,,,,,,,,,,,,,,,,,,,,,,,,,,,,職員欠如,,,,,,　１．なし　　２．あり,,,,,,,,,,,,,,,,,,,,,,
,,,,,,,,,,,,,,,,,,,,,,,,,,,,,,,サービス管理責任者欠如,,,,,,　１．なし　　２．あり,,,,,,,,,,,,,,,,,,,,,,
,,,,,,,,,,,,,,,,,,,,,,,,,,,,,,,福祉専門職員配置等,,,,,,　１．なし　　３．Ⅱ　　４．Ⅲ　　５．Ⅰ,,,,,,,,,,,,,,,,,,,,,,
,,,,,,,,,,,,,,,,,,,,,,,,,,,,,,,人員配置体制,,,,,,　１．なし　　２．あり,,,,,,,,,,,,,,,,,,,,,,
,,,,,,,,,,,,,,,,,,,,,,,,,,,,,,,福祉・介護職員処遇改善加算対象,,,,,,　１．なし　　２．あり,,,,,,,,,,,,,,,,,,,,,,
,,,,,,,,,,,,,,,,,,,,,,,,,,,,,,,福祉・介護職員等特定処遇改善加算対象,,,,,,　１．なし　　２．あり,,,,,,,,,,,,,,,,,,,,,,
,,,,,,,,,,,,,,,,,,,,,,,,,,,,,,,福祉・介護職員等ベースアップ等支援加算対象,,,,,,　１．なし　　２．あり,,,,,,,,,,,,,,,,,,,,,,
,,,,,,,,,,,,,,,,,,,,,,,,,,,,,,,キャリアパス区分（※3）,,,,,,"  １．Ⅲ（キャリアパス要件（Ⅰ又はⅡ）及び職場環境等要件のいずれも満たす）
  ５．Ⅱ（キャリアパス要件（Ⅰ及びⅡ）及び職場環境等要件のいずれも満たす）
  ６．Ⅰ（キャリアパス要件（Ⅰ及びⅡ及びⅢ）及び職場環境等要件のいずれも満たす）",,,,,,,,,,,,,,,,,,,,,,
,,,,,,,,,,,,,,,,,,,,,,,,,,,,,,,福祉・介護職員等特定処遇改善加算区分（※4）,,,,,,　１．Ⅰ　　２．Ⅱ,,,,,,,,,,,,,,,,,,,,,,
,,,,,,,,,,,,,,,,,,,,,,,,,,,,,,,指定管理者制度適用区分,,,,,,　１．非該当　　２．該当,,,,,,,,,,,,,,,,,,,,,,
,,,,,,,,,,,,,,,,,,,,,,,,,,,,,,,地域生活支援拠点等,,,,,,　１．非該当　　２．該当,,,,,,,,,,,,,,,,,,,,,,
,生活介護,,,,,,,,,,,,,"１．21人以上40人以下
２．41人以上60人以下
３．61人以上80人以下
４．81人以上
５．20人以下",,,,,,"１．21人以上40人以下
２．41人以上60人以下
３．61人以上80人以下
４．81人以上
５．20人以下",,,,,,"１．Ⅰ型(1.7:1)
２．Ⅱ型(2:1)
３．Ⅲ型(2.5:1)
４．Ⅳ型(3:1)
５．Ⅴ型(3.5:1)
６．Ⅵ型(4:1)
７．Ⅶ型(4.5:1)
８．Ⅷ型(5:1)
９．Ⅸ型(5.5:1)
10．Ⅹ型(6:1)",,,,,施設区分,,,,,,　１．一般　　２．小規模多機能,,,,,,,,,,,,,,,,,,,,,,
,,,,,,,,,,,,,,,,,,,,,,,,,,,,,,,定員超過,,,,,,　１．なし　　２．あり,,,,,,,,,,,,,,,,,,,,,,
,,,,,,,,,,,,,,,,,,,,,,,,,,,,,,,職員欠如,,,,,,　１．なし　　２．あり,,,,,,,,,,,,,,,,,,,,,,
,,,,,,,,,,,,,,,,,,,,,,,,,,,,,,,サービス管理責任者欠如,,,,,,　１．なし　　２．あり,,,,,,,,,,,,,,,,,,,,,,
,,,,,,,,,,,,,,,,,,,,,,,,,,,,,,,開所時間減算,,,,,,　１．なし　　２．あり,,,,,,,,,,,,,,,,,,,,,,
,,,,,,,,,,,,,,,,,,,,,,,,,,,,,,,開所時間減算区分（※6）,,,,,,１．４時間未満　　２．４時間以上６時間未満,,,,,,,,,,,,,,,,,,,,,,
,,,,,,,,,,,,,,,,,,,,,,,,,,,,,,,短時間利用減算,,,,,,　１．なし　　２．あり,,,,,,,,,,,,,,,,,,,,,,
,,,,,,,,,,,,,,,,,,,,,,,,,,,,,,,大規模事業所,,,,,,　１．なし　　５．定員81人以上,,,,,,,,,,,,,,,,,,,,,,
,,,,,,,,,,,,,,,,,,,,,,,,,,,,,,,医師配置,,,,,,　１．なし　　２．あり,,,,,,,,,,,,,,,,,,,,,,
,,,,,,,,,,,,,,,,,,,,,,,,,,,,,,,人員配置体制,,,,,,　１．なし　　２．あり,,,,,,,,,,,,,,,,,,,,,,
,,,,,,,,,,,,,,,,,,,,,,,,,,,,,,,福祉専門職員配置等,,,,,,　１．なし　　３．Ⅱ　　４．Ⅲ　　５．Ⅰ,,,,,,,,,,,,,,,,,,,,,,
,,,,,,,,,,,,,,,,,,,,,,,,,,,,,,,常勤看護職員等配置,,,,,,　１．なし　　２．Ⅰ　　３．Ⅱ　　４．Ⅲ,,,,,,,,,,,,,,,,,,,,,,
,,,,,,,,,,,,,,,,,,,,,,,,,,,,,,,視覚・聴覚等支援体制,,,,,,　１．なし　　２．あり,,,,,,,,,,,,,,,,,,,,,,
,,,,,,,,,,,,,,,,,,,,,,,,,,,,,,,重度障害者支援Ⅰ体制,,,,,,　１．なし　　２．あり,,,,,,,,,,,,,,,,,,,,,,
,,,,,,,,,,,,,,,,,,,,,,,,,,,,,,,重度障害者支援Ⅱ体制,,,,,,　１．なし　　２．あり,,,,,,,,,,,,,,,,,,,,,,
,,,,,,,,,,,,,,,,,,,,,,,,,,,,,,,リハビリテーション加算,,,,,,　１．なし　　２．あり,,,,,,,,,,,,,,,,,,,,,,
,,,,,,,,,,,,,,,,,,,,,,,,,,,,,,,食事提供体制,,,,,,　１．なし　　２．あり,,,,,,,,,,,,,,,,,,,,,,
,,,,,,,,,,,,,,,,,,,,,,,,,,,,,,,延長支援体制,,,,,,　１．なし　　２．あり,,,,,,,,,,,,,,,,,,,,,,
,,,,,,,,,,,,,,,,,,,,,,,,,,,,,,,送迎体制,,,,,,　１．なし　　３．Ⅰ　　４．Ⅱ,,,,,,,,,,,,,,,,,,,,,,
,,,,,,,,,,,,,,,,,,,,,,,,,,,,,,,送迎体制（重度）,,,,,,　１．なし　　２．あり,,,,,,,,,,,,,,,,,,,,,,
,,,,,,,,,,,,,,,,,,,,,,,,,,,,,,,就労移行支援体制,,,,,,　１．なし　　２．あり,,,,,,,,,,,,,,,,,,,,,,
,,,,,,,,,,,,,,,,,,,,,,,,,,,,,,,就労移行支援体制（就労定着者数）,,,,,,就労定着者数（　　）,,,,,,,,,,,,,,,,,,,,,,
,,,,,,,,,,,,,,,,,,,,,,,,,,,,,,,福祉・介護職員処遇改善加算対象,,,,,,　１．なし　　２．あり,,,,,,,,,,,,,,,,,,,,,,
,,,,,,,,,,,,,,,,,,,,,,,,,,,,,,,福祉・介護職員等特定処遇改善加算対象,,,,,,　１．なし　　２．あり,,,,,,,,,,,,,,,,,,,,,,
,,,,,,,,,,,,,,,,,,,,,,,,,,,,,,,福祉・介護職員等ベースアップ等支援加算対象,,,,,,　１．なし　　２．あり,,,,,,,,,,,,,,,,,,,,,,
,,,,,,,,,,,,,,,,,,,,,,,,,,,,,,,キャリアパス区分（※3）,,,,,,"  １．Ⅲ（キャリアパス要件（Ⅰ又はⅡ）及び職場環境等要件のいずれも満たす）
  ５．Ⅱ（キャリアパス要件（Ⅰ及びⅡ）及び職場環境等要件のいずれも満たす）
  ６．Ⅰ（キャリアパス要件（Ⅰ及びⅡ及びⅢ）及び職場環境等要件のいずれも満たす）",,,,,,,,,,,,,,,,,,,,,,
,,,,,,,,,,,,,,,,,,,,,,,,,,,,,,,福祉・介護職員等特定処遇改善加算区分（※4）,,,,,,　１．Ⅰ　　２．Ⅱ,,,,,,,,,,,,,,,,,,,,,,
,,,,,,,,,,,,,,,,,,,,,,,,,,,,,,,指定管理者制度適用区分,,,,,,　１．非該当　　２．該当,,,,,,,,,,,,,,,,,,,,,,
,,,,,,,,,,,,,,,,,,,,,,,,,,,,,,,共生型サービス対象区分,,,,,,　１．非該当　　２．該当,,,,,,,,,,,,,,,,,,,,,,
,,,,,,,,,,,,,,,,,,,,,,,,,,,,,,,サービス管理責任者配置等（※7）,,,,,,　１．なし　　２．あり,,,,,,,,,,,,,,,,,,,,,,
,,,,,,,,,,,,,,,,,,,,,,,,,,,,,,,地域生活支援拠点等,,,,,,　１．非該当　　２．該当,,,,,,,,,,,,,,,,,,,,,,
,短期入所,,,,,,,,,,,,,,,,,,,,,,,,,,,,,,施設区分,,,,,,　１．福祉型　　２．医療型　　３．福祉型（強化）,,,,,,,,,,,,,,,,,,,,,,
,,,,,,,,,,,,,,,,,,,,,,,,,,,,,,,定員超過,,,,,,　１．なし　　２．あり,,,,,,,,,,,,,,,,,,,,,,
,,,,,,,,,,,,,,,,,,,,,,,,,,,,,,,職員欠如,,,,,,　１．なし　　２．あり,,,,,,,,,,,,,,,,,,,,,,
,,,,,,,,,,,,,,,,,,,,,,,,,,,,,,,大規模減算,,,,,,　１．なし　　２．あり,,,,,,,,,,,,,,,,,,,,,,
,,,,,,,,,,,,,,,,,,,,,,,,,,,,,,,常勤看護職員等配置,,,,,,　１．なし　　２．あり,,,,,,,,,,,,,,,,,,,,,,
,,,,,,,,,,,,,,,,,,,,,,,,,,,,,,,重度障害者支援加算（強度行動障害）,,,,,,　１．なし　　２．あり,,,,,,,,,,,,,,,,,,,,,,
,,,,,,,,,,,,,,,,,,,,,,,,,,,,,,,単独型加算,,,,,,　１．なし　　２．あり,,,,,,,,,,,,,,,,,,,,,,
,,,,,,,,,,,,,,,,,,,,,,,,,,,,,,,医療連携体制加算（Ⅸ）,,,,,,　１．なし　　２．あり,,,,,,,,,,,,,,,,,,,,,,
,,,,,,,,,,,,,,,,,,,,,,,,,,,,,,,栄養士配置,,,,,,１．なし　　２．その他栄養士　　３．常勤栄養士　　４．常勤管理栄養士,,,,,,,,,,,,,,,,,,,,,,
,,,,,,,,,,,,,,,,,,,,,,,,,,,,,,,食事提供体制,,,,,,　１．なし　　２．あり,,,,,,,,,,,,,,,,,,,,,,
,,,,,,,,,,,,,,,,,,,,,,,,,,,,,,,送迎体制,,,,,,　１．なし　　２．あり,,,,,,,,,,,,,,,,,,,,,,
,,,,,,,,,,,,,,,,,,,,,,,,,,,,,,,日中活動支援体制,,,,,,　１．なし　　２．あり,,,,,,,,,,,,,,,,,,,,,,
,,,,,,,,,,,,,,,,,,,,,,,,,,,,,,,福祉・介護職員処遇改善加算対象,,,,,,　１．なし　　２．あり,,,,,,,,,,,,,,,,,,,,,,
,,,,,,,,,,,,,,,,,,,,,,,,,,,,,,,福祉・介護職員等特定処遇改善加算対象,,,,,,　１．なし　　２．あり,,,,,,,,,,,,,,,,,,,,,,
,,,,,,,,,,,,,,,,,,,,,,,,,,,,,,,福祉・介護職員等ベースアップ等支援加算対象,,,,,,　１．なし　　２．あり,,,,,,,,,,,,,,,,,,,,,,
,,,,,,,,,,,,,,,,,,,,,,,,,,,,,,,キャリアパス区分（※3）,,,,,,"  １．Ⅲ（キャリアパス要件（Ⅰ又はⅡ）及び職場環境等要件のいずれも満たす）
  ５．Ⅱ（キャリアパス要件（Ⅰ及びⅡ）及び職場環境等要件のいずれも満たす）
  ６．Ⅰ（キャリアパス要件（Ⅰ及びⅡ及びⅢ）及び職場環境等要件のいずれも満たす）",,,,,,,,,,,,,,,,,,,,,,
,,,,,,,,,,,,,,,,,,,,,,,,,,,,,,,指定管理者制度適用区分,,,,,,　１．非該当　　２．該当,,,,,,,,,,,,,,,,,,,,,,
,,,,,,,,,,,,,,,,,,,,,,,,,,,,,,,共生型サービス対象区分,,,,,,　１．非該当　　２．該当,,,,,,,,,,,,,,,,,,,,,,
,,,,,,,,,,,,,,,,,,,,,,,,,,,,,,,福祉専門職員配置等（※7）,,,,,,　１．なし　　２．Ⅰ　　３．Ⅱ,,,,,,,,,,,,,,,,,,,,,,
,,,,,,,,,,,,,,,,,,,,,,,,,,,,,,,地域生活支援拠点等,,,,,,　１．非該当　　２．該当,,,,,,,,,,,,,,,,,,,,,,
,重度障害者等包括支援,,,,,,,,,,,,,,,,,,,,,,,,,,,,,,送迎体制,,,,,,　１．なし　　２．あり,,,,,,,,,,,,,,,,,,,,,,
,,,,,,,,,,,,,,,,,,,,,,,,,,,,,,,地域生活移行個別支援,,,,,,　１．なし　　２．あり,,,,,,,,,,,,,,,,,,,,,,
,,,,,,,,,,,,,,,,,,,,,,,,,,,,,,,精神障害者地域移行体制,,,,,,　１．なし　　２．あり,,,,,,,,,,,,,,,,,,,,,,
,,,,,,,,,,,,,,,,,,,,,,,,,,,,,,,強度行動障害者地域移行体制,,,,,,　１．なし　　２．あり,,,,,,,,,,,,,,,,,,,,,,
,,,,,,,,,,,,,,,,,,,,,,,,,,,,,,,福祉・介護職員処遇改善加算対象,,,,,,　１．なし　　２．あり,,,,,,,,,,,,,,,,,,,,,,
,,,,,,,,,,,,,,,,,,,,,,,,,,,,,,,福祉・介護職員等特定処遇改善加算対象,,,,,,　１．なし　　２．あり,,,,,,,,,,,,,,,,,,,,,,
,,,,,,,,,,,,,,,,,,,,,,,,,,,,,,,福祉・介護職員等ベースアップ等支援加算対象,,,,,,　１．なし　　２．あり,,,,,,,,,,,,,,,,,,,,,,
,,,,,,,,,,,,,,,,,,,,,,,,,,,,,,,キャリアパス区分（※3）,,,,,,"  １．Ⅲ（キャリアパス要件（Ⅰ又はⅡ）及び職場環境等要件のいずれも満たす）
  ５．Ⅱ（キャリアパス要件（Ⅰ及びⅡ）及び職場環境等要件のいずれも満たす）
  ６．Ⅰ（キャリアパス要件（Ⅰ及びⅡ及びⅢ）及び職場環境等要件のいずれも満たす）",,,,,,,,,,,,,,,,,,,,,,
,,,,,,,,,,,,,,,,,,,,,,,,,,,,,,,地域生活支援拠点等,,,,,,　１．非該当　　２．該当,,,,,,,,,,,,,,,,,,,,,,
,施設入所支援,,,,,,,,,,,,,"１．40人以下
２．41人以上60人以下
３．61人以上80人以下
４．81人以上
",,,,,,"１．40人以下
２．41人以上60人以下
３．61人以上80人以下
４．81人以上
",,,,,,,,,,,定員超過,,,,,,　１．なし　　２．あり,,,,,,,,,,,,,,,,,,,,,,
,,,,,,,,,,,,,,,,,,,,,,,,,,,,,,,職員欠如,,,,,,　１．なし　　２．あり,,,,,,,,,,,,,,,,,,,,,,
,,,,,,,,,,,,,,,,,,,,,,,,,,,,,,,栄養士配置減算対象,,,,,,１．なし　　２．非常勤栄養士　　３．栄養士未配置,,,,,,,,,,,,,,,,,,,,,,
,,,,,,,,,,,,,,,,,,,,,,,,,,,,,,,夜勤職員配置体制,,,,,,　１．なし　　２．あり,,,,,,,,,,,,,,,,,,,,,,
,,,,,,,,,,,,,,,,,,,,,,,,,,,,,,,重度障害者支援Ⅰ体制,,,,,,　１．なし　　２．あり,,,,,,,,,,,,,,,,,,,,,,
,,,,,,,,,,,,,,,,,,,,,,,,,,,,,,,重度障害者支援Ⅰ体制（重度）,,,,,,　１．なし　　２．あり,,,,,,,,,,,,,,,,,,,,,,
,,,,,,,,,,,,,,,,,,,,,,,,,,,,,,,重度障害者支援Ⅱ体制,,,,,,　１．なし　　２．あり,,,,,,,,,,,,,,,,,,,,,,
,,,,,,,,,,,,,,,,,,,,,,,,,,,,,,,視覚・聴覚等支援体制,,,,,,　１．なし　　２．あり,,,,,,,,,,,,,,,,,,,,,,
,,,,,,,,,,,,,,,,,,,,,,,,,,,,,,,夜間看護体制,,,,,,　１．なし　　２．あり,,,,,,,,,,,,,,,,,,,,,,
,,,,,,,,,,,,,,,,,,,,,,,,,,,,,,,地域生活移行個別支援,,,,,,　１．なし　　２．あり,,,,,,,,,,,,,,,,,,,,,,
,,,,,,,,,,,,,,,,,,,,,,,,,,,,,,,口腔衛生管理体制,,,,,,　１．なし　　２．あり,,,,,,,,,,,,,,,,,,,,,,
,,,,,,,,,,,,,,,,,,,,,,,,,,,,,,,福祉・介護職員処遇改善加算対象,,,,,,　１．なし　　２．あり,,,,,,,,,,,,,,,,,,,,,,
,,,,,,,,,,,,,,,,,,,,,,,,,,,,,,,福祉・介護職員等特定処遇改善加算対象,,,,,,　１．なし　　２．あり,,,,,,,,,,,,,,,,,,,,,,
,,,,,,,,,,,,,,,,,,,,,,,,,,,,,,,福祉・介護職員等ベースアップ等支援加算対象,,,,,,　１．なし　　２．あり,,,,,,,,,,,,,,,,,,,,,,
,,,,,,,,,,,,,,,,,,,,,,,,,,,,,,,キャリアパス区分（※3）,,,,,,"  １．Ⅲ（キャリアパス要件（Ⅰ又はⅡ）及び職場環境等要件のいずれも満たす）
  ５．Ⅱ（キャリアパス要件（Ⅰ及びⅡ）及び職場環境等要件のいずれも満たす）
  ６．Ⅰ（キャリアパス要件（Ⅰ及びⅡ及びⅢ）及び職場環境等要件のいずれも満たす）",,,,,,,,,,,,,,,,,,,,,,
,,,,,,,,,,,,,,,,,,,,,,,,,,,,,,,指定管理者制度適用区分,,,,,,　１．非該当　　２．該当,,,,,,,,,,,,,,,,,,,,,,
,,,,,,,,,,,,,,,,,,,,,,,,,,,,,,,地域生活支援拠点等,,,,,,　１．非該当　　２．該当,,,,,,,,,,,,,,,,,,,,,,
訓練等給付,自立訓練,,,,,,,,,,,,,"１．21人以上40人以下
２．41人以上60人以下
３．61人以上80人以下
４．81人以上
５．20人以下",,,,,,"１．21人以上40人以下
２．41人以上60人以下
３．61人以上80人以下
４．81人以上
５．20人以下",,,,,,,,,,,施設区分,,,,,,１．機能訓練　　２．生活訓練　　３．生活訓練（宿泊型）,,,,,,,,,,,,,,,,,,,,,,
,,,,,,,,,,,,,,,,,,,,,,,,,,,,,,,訪問訓練,,,,,,　１．なし　　２．あり,,,,,,,,,,,,,,,,,,,,,,
,,,,,,,,,,,,,,,,,,,,,,,,,,,,,,,視覚障害機能訓練専門職員配置,,,,,,　１．なし　　２．あり,,,,,,,,,,,,,,,,,,,,,,
,,,,,,,,,,,,,,,,,,,,,,,,,,,,,,,定員超過,,,,,,　１．なし　　２．あり,,,,,,,,,,,,,,,,,,,,,,
,,,,,,,,,,,,,,,,,,,,,,,,,,,,,,,職員欠如,,,,,,　１．なし　　２．あり,,,,,,,,,,,,,,,,,,,,,,
,,,,,,,,,,,,,,,,,,,,,,,,,,,,,,,サービス管理責任者欠如,,,,,,　１．なし　　２．あり,,,,,,,,,,,,,,,,,,,,,,
,,,,,,,,,,,,,,,,,,,,,,,,,,,,,,,標準期間超過,,,,,,　１　なし　　２　あり,,,,,,,,,,,,,,,,,,,,,,
,,,,,,,,,,,,,,,,,,,,,,,,,,,,,,,福祉専門職員配置等,,,,,,　１．なし　　３．Ⅱ　　４．Ⅲ　　５．Ⅰ,,,,,,,,,,,,,,,,,,,,,,
,,,,,,,,,,,,,,,,,,,,,,,,,,,,,,,視覚・聴覚等支援体制,,,,,,　１．なし　　２．あり,,,,,,,,,,,,,,,,,,,,,,
,,,,,,,,,,,,,,,,,,,,,,,,,,,,,,,地域移行支援体制強化,,,,,,　１．なし　　２．あり,,,,,,,,,,,,,,,,,,,,,,
,,,,,,,,,,,,,,,,,,,,,,,,,,,,,,,リハビリテーション加算,,,,,,　１．なし　　２．あり,,,,,,,,,,,,,,,,,,,,,,
,,,,,,,,,,,,,,,,,,,,,,,,,,,,,,,個別計画訓練支援加算,,,,,,　１．なし　　２．あり,,,,,,,,,,,,,,,,,,,,,,
,,,,,,,,,,,,,,,,,,,,,,,,,,,,,,,短期滞在,,,,,,　１．なし　　２．宿直体制　　３．夜勤体制,,,,,,,,,,,,,,,,,,,,,,
,,,,,,,,,,,,,,,,,,,,,,,,,,,,,,,精神障害者退院支援施設,,,,,,　１．なし　　２．宿直体制　　３．夜勤体制,,,,,,,,,,,,,,,,,,,,,,
,,,,,,,,,,,,,,,,,,,,,,,,,,,,,,,通勤者生活支援,,,,,,　１．なし　　２．あり,,,,,,,,,,,,,,,,,,,,,,
,,,,,,,,,,,,,,,,,,,,,,,,,,,,,,,地域生活移行個別支援,,,,,,　１．なし　　２．あり,,,,,,,,,,,,,,,,,,,,,,
,,,,,,,,,,,,,,,,,,,,,,,,,,,,,,,精神障害者地域移行体制,,,,,,　１．なし　　２．あり,,,,,,,,,,,,,,,,,,,,,,
,,,,,,,,,,,,,,,,,,,,,,,,,,,,,,,強度行動障害者地域移行体制,,,,,,　１．なし　　２．あり,,,,,,,,,,,,,,,,,,,,,,
,,,,,,,,,,,,,,,,,,,,,,,,,,,,,,,食事提供体制,,,,,,　１．なし　　２．あり,,,,,,,,,,,,,,,,,,,,,,
,,,,,,,,,,,,,,,,,,,,,,,,,,,,,,,看護職員配置,,,,,,　１．なし　　２．あり,,,,,,,,,,,,,,,,,,,,,,
,,,,,,,,,,,,,,,,,,,,,,,,,,,,,,,送迎体制,,,,,,　１．なし　　３．Ⅰ　　４．Ⅱ,,,,,,,,,,,,,,,,,,,,,,
,,,,,,,,,,,,,,,,,,,,,,,,,,,,,,,夜間支援等体制,,,,,,"　　１．なし　　２．Ⅰ　　３．Ⅱ　　４．Ⅲ　　５．Ⅰ・Ⅱ　　６．Ⅰ・Ⅲ　　
　　７．Ⅱ・Ⅲ　　８．Ⅰ・Ⅱ・Ⅲ",,,,,,,,,,,,,,,,,,,,,,
,,,,,,,,,,,,,,,,,,,,,,,,,,,,,,,社会生活支援,,,,,,　１．なし　　２．あり,,,,,,,,,,,,,,,,,,,,,,
,,,,,,,,,,,,,,,,,,,,,,,,,,,,,,,就労移行支援体制,,,,,,　１．なし　　２．あり,,,,,,,,,,,,,,,,,,,,,,
,,,,,,,,,,,,,,,,,,,,,,,,,,,,,,,就労移行支援体制（就労定着者数）,,,,,,就労定着者数（　　）,,,,,,,,,,,,,,,,,,,,,,
,,,,,,,,,,,,,,,,,,,,,,,,,,,,,,,福祉・介護職員処遇改善加算対象,,,,,,　１．なし　　２．あり,,,,,,,,,,,,,,,,,,,,,,
,,,,,,,,,,,,,,,,,,,,,,,,,,,,,,,福祉・介護職員等特定処遇改善加算対象,,,,,,　１．なし　　２．あり,,,,,,,,,,,,,,,,,,,,,,
,,,,,,,,,,,,,,,,,,,,,,,,,,,,,,,福祉・介護職員等ベースアップ等支援加算対象,,,,,,　１．なし　　２．あり,,,,,,,,,,,,,,,,,,,,,,
,,,,,,,,,,,,,,,,,,,,,,,,,,,,,,,キャリアパス区分（※3）,,,,,,"  １．Ⅲ（キャリアパス要件（Ⅰ又はⅡ）及び職場環境等要件のいずれも満たす）
  ５．Ⅱ（キャリアパス要件（Ⅰ及びⅡ）及び職場環境等要件のいずれも満たす）
  ６．Ⅰ（キャリアパス要件（Ⅰ及びⅡ及びⅢ）及び職場環境等要件のいずれも満たす）",,,,,,,,,,,,,,,,,,,,,,
,,,,,,,,,,,,,,,,,,,,,,,,,,,,,,,福祉・介護職員等特定処遇改善加算区分（※4）,,,,,,　１．Ⅰ　　２．Ⅱ,,,,,,,,,,,,,,,,,,,,,,
,,,,,,,,,,,,,,,,,,,,,,,,,,,,,,,指定管理者制度適用区分,,,,,,　１．非該当　　２．該当,,,,,,,,,,,,,,,,,,,,,,
,,,,,,,,,,,,,,,,,,,,,,,,,,,,,,,共生型サービス対象区分,,,,,,　１．非該当　　２．該当,,,,,,,,,,,,,,,,,,,,,,
,,,,,,,,,,,,,,,,,,,,,,,,,,,,,,,サービス管理責任者配置等（※7）,,,,,,　１．なし　　２．あり,,,,,,,,,,,,,,,,,,,,,,
,,,,,,,,,,,,,,,,,,,,,,,,,,,,,,,地域生活支援拠点等,,,,,,　１．非該当　　２．該当,,,,,,,,,,,,,,,,,,,,,,
,就労移行支援,,,,,,,,,,,,,"１．21人以上40人以下
２．41人以上60人以下
３．61人以上80人以下
４．81人以上
５．20人以下",,,,,,,,,,,,,,,,,施設区分,,,,,,　１．一般型　　２．資格取得型,,,,,,,,,,,,,,,,,,,,,,
,,,,,,,,,,,,,,,,,,,,,,,,,,,,,,,就労定着率区分（※8）,,,,,,"　１．就職後６月以上定着率が５割以上
　２．就職後６月以上定着率が４割以上５割未満
　３．就職後６月以上定着率が３割以上４割未満
　４．就職後６月以上定着率が２割以上３割未満
　５．就職後６月以上定着率が１割以上２割未満
　６．就職後６月以上定着率が０割超１割未満
　７．就職後６月以上定着率が０
　８．なし（経過措置対象）",,,,,,,,,,,,,,,,,,,,,,
,,,,,,,,,,,,,,,,,,,,,,,,,,,,,,,定員超過,,,,,,　１．なし　　２．あり,,,,,,,,,,,,,,,,,,,,,,
,,,,,,,,,,,,,,,,,,,,,,,,,,,,,,,職員欠如,,,,,,　１．なし　　２．あり,,,,,,,,,,,,,,,,,,,,,,
,,,,,,,,,,,,,,,,,,,,,,,,,,,,,,,サービス管理責任者欠如,,,,,,　１．なし　　２．あり,,,,,,,,,,,,,,,,,,,,,,
,,,,,,,,,,,,,,,,,,,,,,,,,,,,,,,標準期間超過,,,,,,　１．なし　　２．あり,,,,,,,,,,,,,,,,,,,,,,
,,,,,,,,,,,,,,,,,,,,,,,,,,,,,,,福祉専門職員配置等,,,,,,　１．なし　　３．Ⅱ　　４．Ⅲ　　５．Ⅰ,,,,,,,,,,,,,,,,,,,,,,
,,,,,,,,,,,,,,,,,,,,,,,,,,,,,,,就労支援関係研修修了,,,,,,　１．なし　　２．あり,,,,,,,,,,,,,,,,,,,,,,
,,,,,,,,,,,,,,,,,,,,,,,,,,,,,,,視覚・聴覚等支援体制,,,,,,　１．なし　　２．あり,,,,,,,,,,,,,,,,,,,,,,
,,,,,,,,,,,,,,,,,,,,,,,,,,,,,,,精神障害者退院支援施設,,,,,,　１．なし　　２．宿直体制　　３．夜勤体制,,,,,,,,,,,,,,,,,,,,,,
,,,,,,,,,,,,,,,,,,,,,,,,,,,,,,,食事提供体制,,,,,,　１．なし　　２．あり,,,,,,,,,,,,,,,,,,,,,,
,,,,,,,,,,,,,,,,,,,,,,,,,,,,,,,移行準備支援体制,,,,,,　１．なし　　２．あり,,,,,,,,,,,,,,,,,,,,,,
,,,,,,,,,,,,,,,,,,,,,,,,,,,,,,,送迎体制,,,,,,　１．なし　　３．Ⅰ　　４．Ⅱ,,,,,,,,,,,,,,,,,,,,,,
,,,,,,,,,,,,,,,,,,,,,,,,,,,,,,,社会生活支援,,,,,,　１．なし　　２．あり,,,,,,,,,,,,,,,,,,,,,,
,,,,,,,,,,,,,,,,,,,,,,,,,,,,,,,福祉・介護職員処遇改善加算対象,,,,,,　１．なし　　２．あり,,,,,,,,,,,,,,,,,,,,,,
,,,,,,,,,,,,,,,,,,,,,,,,,,,,,,,福祉・介護職員等特定処遇改善加算対象,,,,,,　１．なし　　２．あり,,,,,,,,,,,,,,,,,,,,,,
,,,,,,,,,,,,,,,,,,,,,,,,,,,,,,,福祉・介護職員等ベースアップ等支援加算対象,,,,,,　１．なし　　２．あり,,,,,,,,,,,,,,,,,,,,,,
,,,,,,,,,,,,,,,,,,,,,,,,,,,,,,,キャリアパス区分（※3）,,,,,,"  １．Ⅲ（キャリアパス要件（Ⅰ又はⅡ）及び職場環境等要件のいずれも満たす）
  ５．Ⅱ（キャリアパス要件（Ⅰ及びⅡ）及び職場環境等要件のいずれも満たす）
  ６．Ⅰ（キャリアパス要件（Ⅰ及びⅡ及びⅢ）及び職場環境等要件のいずれも満たす）",,,,,,,,,,,,,,,,,,,,,,
,,,,,,,,,,,,,,,,,,,,,,,,,,,,,,,福祉・介護職員等特定処遇改善加算区分（※4）,,,,,,　１．Ⅰ　　２．Ⅱ,,,,,,,,,,,,,,,,,,,,,,
,,,,,,,,,,,,,,,,,,,,,,,,,,,,,,,指定管理者制度適用区分,,,,,,　１．非該当　　２．該当,,,,,,,,,,,,,,,,,,,,,,
,,,,,,,,,,,,,,,,,,,,,,,,,,,,,,,地域生活支援拠点等,,,,,,　１．非該当　　２．該当,,,,,,,,,,,,,,,,,,,,,,
,就労継続支援Ａ型,,,,,,,,,,,,,"１．21人以上40人以下
２．41人以上60人以下
３．61人以上80人以下
４．81人以上
５．20人以下",,,,,,"１．21人以上40人以下
２．41人以上60人以下
３．61人以上80人以下
４．81人以上
５．20人以下",,,,,,"１．Ⅰ型(7.5:1)
２．Ⅱ型(10:1)",,,,,評価点区分（※8）,,,,,,"　１．評価点が170点以上の場合
　２．評価点が150点以上170点未満の場合
　３．評価点が130点以上150点未満の場合
　４．評価点が105点以上130点未満の場合
　５．評価点が80点以上105点未満の場合
　６．評価点が60点以上80点未満の場合
　７．評価点が60点未満の場合
　８．なし（経過措置対象）",,,,,,,,,,,,,,,,,,,,,,
,,,,,,,,,,,,,,,,,,,,,,,,,,,,,,,定員超過,,,,,,　１．なし　　２．あり,,,,,,,,,,,,,,,,,,,,,,
,,,,,,,,,,,,,,,,,,,,,,,,,,,,,,,職員欠如,,,,,,　１．なし　　２．あり,,,,,,,,,,,,,,,,,,,,,,
,,,,,,,,,,,,,,,,,,,,,,,,,,,,,,,サービス管理責任者欠如,,,,,,　１．なし　　２．あり,,,,,,,,,,,,,,,,,,,,,,
,,,,,,,,,,,,,,,,,,,,,,,,,,,,,,,自己評価結果等未公表減算,,,,,,　１．なし　　２．あり,,,,,,,,,,,,,,,,,,,,,,
,,,,,,,,,,,,,,,,,,,,,,,,,,,,,,,福祉専門職員配置等,,,,,,　１．なし　　３．Ⅱ　　４．Ⅲ　　５．Ⅰ,,,,,,,,,,,,,,,,,,,,,,
,,,,,,,,,,,,,,,,,,,,,,,,,,,,,,,視覚・聴覚等支援体制,,,,,,　１．なし　　２．あり,,,,,,,,,,,,,,,,,,,,,,
,,,,,,,,,,,,,,,,,,,,,,,,,,,,,,,重度者支援体制,,,,,,　１．なし　　２．Ⅰ　　３．Ⅱ,,,,,,,,,,,,,,,,,,,,,,
,,,,,,,,,,,,,,,,,,,,,,,,,,,,,,,就労移行支援体制,,,,,,　１．なし　　２．あり,,,,,,,,,,,,,,,,,,,,,,
,,,,,,,,,,,,,,,,,,,,,,,,,,,,,,,就労移行支援体制（就労定着者数）,,,,,,就労定着者数（　　）,,,,,,,,,,,,,,,,,,,,,,
,,,,,,,,,,,,,,,,,,,,,,,,,,,,,,,賃金向上達成指導員配置,,,,,,　１．なし　　２．あり,,,,,,,,,,,,,,,,,,,,,,
,,,,,,,,,,,,,,,,,,,,,,,,,,,,,,,送迎体制,,,,,,　１．なし　　３．Ⅰ　　４．Ⅱ,,,,,,,,,,,,,,,,,,,,,,
,,,,,,,,,,,,,,,,,,,,,,,,,,,,,,,食事提供体制,,,,,,　１．なし　　２．あり,,,,,,,,,,,,,,,,,,,,,,
,,,,,,,,,,,,,,,,,,,,,,,,,,,,,,,社会生活支援,,,,,,　１．なし　　２．あり,,,,,,,,,,,,,,,,,,,,,,
,,,,,,,,,,,,,,,,,,,,,,,,,,,,,,,就労継続A型利用者負担減免,,,,,,　１．なし　　２．減額（　　　　円）　　３．免除,,,,,,,,,,,,,,,,,,,,,,
,,,,,,,,,,,,,,,,,,,,,,,,,,,,,,,福祉・介護職員処遇改善加算対象,,,,,,　１．なし　　２．あり,,,,,,,,,,,,,,,,,,,,,,
,,,,,,,,,,,,,,,,,,,,,,,,,,,,,,,福祉・介護職員等特定処遇改善加算対象,,,,,,　１．なし　　２．あり,,,,,,,,,,,,,,,,,,,,,,
,,,,,,,,,,,,,,,,,,,,,,,,,,,,,,,福祉・介護職員等ベースアップ等支援加算対象,,,,,,　１．なし　　２．あり,,,,,,,,,,,,,,,,,,,,,,
,,,,,,,,,,,,,,,,,,,,,,,,,,,,,,,キャリアパス区分（※3）,,,,,,"  １．Ⅲ（キャリアパス要件（Ⅰ又はⅡ）及び職場環境等要件のいずれも満たす）
  ５．Ⅱ（キャリアパス要件（Ⅰ及びⅡ）及び職場環境等要件のいずれも満たす）
  ６．Ⅰ（キャリアパス要件（Ⅰ及びⅡ及びⅢ）及び職場環境等要件のいずれも満たす）",,,,,,,,,,,,,,,,,,,,,,
,,,,,,,,,,,,,,,,,,,,,,,,,,,,,,,福祉・介護職員等特定処遇改善加算区分（※4）,,,,,,　１．Ⅰ　　２．Ⅱ,,,,,,,,,,,,,,,,,,,,,,
,,,,,,,,,,,,,,,,,,,,,,,,,,,,,,,指定管理者制度適用区分,,,,,,　１．非該当　　２．該当,,,,,,,,,,,,,,,,,,,,,,
,,,,,,,,,,,,,,,,,,,,,,,,,,,,,,,地域生活支援拠点等,,,,,,　１．非該当　　２．該当,,,,,,,,,,,,,,,,,,,,,,
,就労継続支援Ｂ型,,,,,,,,,,,,,"１．21人以上40人以下
２．41人以上60人以下
３．61人以上80人以下
４．81人以上
５．20人以下",,,,,,"１．21人以上40人以下
２．41人以上60人以下
３．61人以上80人以下
４．81人以上
５．20人以下",,,,,,"１．Ⅰ型(7.5:1)
２．Ⅱ型(10:1)",,,,,平均工賃月額区分（※8）,,,,,,"　１．平均工賃月額が４万５千円以上
　２．平均工賃月額が３万５千円以上４万５千円未満
　３．平均工賃月額が３万円以上３万５千円未満
　４．平均工賃月額が２万５千円以上３万円未満
　５．平均工賃月額が２万円以上２万５千円未満
　６．平均工賃月額が１万５千円以上２万円未満
　７．平均工賃月額が１万円以上１万５千円未満
　８．なし（経過措置対象）
　９．平均工賃月額が１万円未満
　１０．なし（生産活動等への支援実施対象）",,,,,,,,,,,,,,,,,,,,,,
,,,,,,,,,,,,,,,,,,,,,,,,,,,,,,,定員超過,,,,,,　１．なし　　２．あり,,,,,,,,,,,,,,,,,,,,,,
,,,,,,,,,,,,,,,,,,,,,,,,,,,,,,,職員欠如,,,,,,　１．なし　　２．あり,,,,,,,,,,,,,,,,,,,,,,
,,,,,,,,,,,,,,,,,,,,,,,,,,,,,,,サービス管理責任者欠如,,,,,,　１．なし　　２．あり,,,,,,,,,,,,,,,,,,,,,,
,,,,,,,,,,,,,,,,,,,,,,,,,,,,,,,福祉専門職員配置等,,,,,,　１．なし　　３．Ⅱ　　４．Ⅲ　　５．Ⅰ,,,,,,,,,,,,,,,,,,,,,,
,,,,,,,,,,,,,,,,,,,,,,,,,,,,,,,視覚・聴覚等支援体制,,,,,,　１．なし　　２．あり,,,,,,,,,,,,,,,,,,,,,,
,,,,,,,,,,,,,,,,,,,,,,,,,,,,,,,重度者支援体制,,,,,,　１．なし　　２．Ⅰ　　３．Ⅱ,,,,,,,,,,,,,,,,,,,,,,
,,,,,,,,,,,,,,,,,,,,,,,,,,,,,,,就労移行支援体制,,,,,,　１．なし　　２．あり,,,,,,,,,,,,,,,,,,,,,,
,,,,,,,,,,,,,,,,,,,,,,,,,,,,,,,就労移行支援体制（就労定着者数）,,,,,,就労定着者数（　　）,,,,,,,,,,,,,,,,,,,,,,
,,,,,,,,,,,,,,,,,,,,,,,,,,,,,,,目標工賃達成指導員配置,,,,,,　１．なし　　２．あり,,,,,,,,,,,,,,,,,,,,,,
,,,,,,,,,,,,,,,,,,,,,,,,,,,,,,,送迎体制,,,,,,　１．なし　　３．Ⅰ　　４．Ⅱ,,,,,,,,,,,,,,,,,,,,,,
,,,,,,,,,,,,,,,,,,,,,,,,,,,,,,,食事提供体制,,,,,,　１．なし　　２．あり,,,,,,,,,,,,,,,,,,,,,,
,,,,,,,,,,,,,,,,,,,,,,,,,,,,,,,社会生活支援,,,,,,　１．なし　　２．あり,,,,,,,,,,,,,,,,,,,,,,
,,,,,,,,,,,,,,,,,,,,,,,,,,,,,,,福祉・介護職員処遇改善加算対象,,,,,,　１．なし　　２．あり,,,,,,,,,,,,,,,,,,,,,,
,,,,,,,,,,,,,,,,,,,,,,,,,,,,,,,福祉・介護職員等特定処遇改善加算対象,,,,,,　１．なし　　２．あり,,,,,,,,,,,,,,,,,,,,,,
,,,,,,,,,,,,,,,,,,,,,,,,,,,,,,,福祉・介護職員等ベースアップ等支援加算対象,,,,,,　１．なし　　２．あり,,,,,,,,,,,,,,,,,,,,,,
,,,,,,,,,,,,,,,,,,,,,,,,,,,,,,,キャリアパス区分（※3）,,,,,,"  １．Ⅲ（キャリアパス要件（Ⅰ又はⅡ）及び職場環境等要件のいずれも満たす）
  ５．Ⅱ（キャリアパス要件（Ⅰ及びⅡ）及び職場環境等要件のいずれも満たす）
  ６．Ⅰ（キャリアパス要件（Ⅰ及びⅡ及びⅢ）及び職場環境等要件のいずれも満たす）",,,,,,,,,,,,,,,,,,,,,,
,,,,,,,,,,,,,,,,,,,,,,,,,,,,,,,福祉・介護職員等特定処遇改善加算区分（※4）,,,,,,　１．Ⅰ　　２．Ⅱ,,,,,,,,,,,,,,,,,,,,,,
,,,,,,,,,,,,,,,,,,,,,,,,,,,,,,,指定管理者制度適用区分,,,,,,　１．非該当　　２．該当,,,,,,,,,,,,,,,,,,,,,,
,,,,,,,,,,,,,,,,,,,,,,,,,,,,,,,ピアサポート実施加算,,,,,,　１．なし　　２．あり,,,,,,,,,,,,,,,,,,,,,,
,,,,,,,,,,,,,,,,,,,,,,,,,,,,,,,地域生活支援拠点等,,,,,,　１．非該当　　２．該当,,,,,,,,,,,,,,,,,,,,,,
,就労定着支援,,,,,,,,,,,,,,,,,,,,,,,,,,,,,,就労定着支援利用者数,,,,,,　１．利用者数が20人以下　　２．利用者数が21人以上40人以下　　３．利用者数が41人以上,,,,,,,,,,,,,,,,,,,,,,
,,,,,,,,,,,,,,,,,,,,,,,,,,,,,,,就労定着率区分,,,,,,"　１．就労定着率が９割５分以上
　２．就労定着率が９割以上９割５分未満
　３．就労定着率が８割以上９割未満
　４．就労定着率が７割以上８割未満
　５．就労定着率が５割以上７割未満
　６．就労定着率が３割以上５割未満
　７．就労定着率が３割未満",,,,,,,,,,,,,,,,,,,,,,
,,,,,,,,,,,,,,,,,,,,,,,,,,,,,,,職員欠如,,,,,,　１．なし　　２．あり,,,,,,,,,,,,,,,,,,,,,,
,,,,,,,,,,,,,,,,,,,,,,,,,,,,,,,サービス管理責任者欠如,,,,,,　１．なし　　２．あり,,,,,,,,,,,,,,,,,,,,,,
,,,,,,,,,,,,,,,,,,,,,,,,,,,,,,,就労定着実績,,,,,,　１．なし　　２．あり,,,,,,,,,,,,,,,,,,,,,,
,,,,,,,,,,,,,,,,,,,,,,,,,,,,,,,職場適応援助者養成研修修了者配置体制,,,,,,　１．なし　　２．あり,,,,,,,,,,,,,,,,,,,,,,
,,,,,,,,,,,,,,,,,,,,,,,,,,,,,,,地域生活支援拠点等,,,,,,　１．非該当　　２．該当,,,,,,,,,,,,,,,,,,,,,,
,自立生活援助,,,,,,,,,,,,,,,,,,,,,,,,,"１．30:1未満
２．30:1以上",,,,,サービス管理責任者欠如,,,,,,　１．なし　　２．あり,,,,,,,,,,,,,,,,,,,,,,
,,,,,,,,,,,,,,,,,,,,,,,,,,,,,,,標準期間超過,,,,,,　１．なし　　２．あり,,,,,,,,,,,,,,,,,,,,,,
,,,,,,,,,,,,,,,,,,,,,,,,,,,,,,,福祉専門職員配置等,,,,,,　１．なし　　３．Ⅱ　　４．Ⅲ　　５．Ⅰ,,,,,,,,,,,,,,,,,,,,,,
,,,,,,,,,,,,,,,,,,,,,,,,,,,,,,,居住支援連携体制,,,,,,　１．非該当　　２．該当,,,,,,,,,,,,,,,,,,,,,,
,,,,,,,,,,,,,,,,,,,,,,,,,,,,,,,ピアサポート体制,,,,,,　１．なし　　２．あり,,,,,,,,,,,,,,,,,,,,,,
,,,,,,,,,,,,,,,,,,,,,,,,,,,,,,,地域生活支援拠点等,,,,,,　１．非該当　　２．該当,,,,,,,,,,,,,,,,,,,,,,
,共同生活援助,,,,,,,,,,,,,,,,,,,,,,,,,"１．Ⅲ型(6:1)
２．Ⅳ型(10:1)
３．Ⅰ型(4:1)
４．Ⅱ型(5:1)
１１．日中支援Ⅰ型(3:1)
１２．日中支援Ⅱ型(4:1)
１３．日中支援Ⅲ型(5:1)",,,,,施設区分,,,,,,１．介護サービス包括型　２．外部サービス利用型　３．日中サービス支援型,,,,,,,,,,,,,,,,,,,,,,
,,,,,,,,,,,,,,,,,,,,,,,,,,,,,,,大規模住居（※9）,,,,,,"１．なし　　２．定員8人以上　　３．定員21人以上
４．定員21人以上（一体的な運営が行われている場合）",,,,,,,,,,,,,,,,,,,,,,
,,,,,,,,,,,,,,,,,,,,,,,,,,,,,,,職員欠如,,,,,,　１．なし　　２．あり,,,,,,,,,,,,,,,,,,,,,,
,,,,,,,,,,,,,,,,,,,,,,,,,,,,,,,サービス管理責任者欠如,,,,,,　１．なし　　２．あり,,,,,,,,,,,,,,,,,,,,,,
,,,,,,,,,,,,,,,,,,,,,,,,,,,,,,,福祉専門職員配置等,,,,,,　１．なし　　３．Ⅱ　　４．Ⅲ　　５．Ⅰ,,,,,,,,,,,,,,,,,,,,,,
,,,,,,,,,,,,,,,,,,,,,,,,,,,,,,,視覚・聴覚等支援体制,,,,,,　１．なし　　２．あり,,,,,,,,,,,,,,,,,,,,,,
,,,,,,,,,,,,,,,,,,,,,,,,,,,,,,,看護職員配置体制,,,,,,　１．なし　　２．あり,,,,,,,,,,,,,,,,,,,,,,
,,,,,,,,,,,,,,,,,,,,,,,,,,,,,,,夜間支援等体制,,,,,,"　　１．なし　　２．Ⅰ　　３．Ⅱ　　４．Ⅲ　　５．Ⅰ・Ⅱ　　６．Ⅰ・Ⅲ　　
　　７．Ⅱ・Ⅲ　　８．Ⅰ・Ⅱ・Ⅲ",,,,,,,,,,,,,,,,,,,,,,
,,,,,,,,,,,,,,,,,,,,,,,,,,,,,,,夜間支援等体制加算Ⅰ加配職員体制,,,,,,"１．なし　　２．Ⅳ　　３．Ⅴ　　４．Ⅵ　　５．Ⅳ・Ⅴ
６．Ⅳ・Ⅵ　　７．Ⅴ・Ⅵ　　８．Ⅳ・Ⅴ・Ⅵ",,,,,,,,,,,,,,,,,,,,,,
,,,,,,,,,,,,,,,,,,,,,,,,,,,,,,,夜勤職員加配体制,,,,,,　１．なし　　２．あり,,,,,,,,,,,,,,,,,,,,,,
,,,,,,,,,,,,,,,,,,,,,,,,,,,,,,,重度障害者支援職員配置（※10）,,,,,,　１．なし　　２．あり,,,,,,,,,,,,,,,,,,,,,,
,,,,,,,,,,,,,,,,,,,,,,,,,,,,,,,地域生活移行個別支援,,,,,,　１．なし　　２．あり,,,,,,,,,,,,,,,,,,,,,,
,,,,,,,,,,,,,,,,,,,,,,,,,,,,,,,精神障害者地域移行体制,,,,,,　１．なし　　２．あり,,,,,,,,,,,,,,,,,,,,,,
,,,,,,,,,,,,,,,,,,,,,,,,,,,,,,,強度行動障害者地域移行体制,,,,,,　１．なし　　２．あり,,,,,,,,,,,,,,,,,,,,,,
,,,,,,,,,,,,,,,,,,,,,,,,,,,,,,,強度行動障害者体験利用加算職員配置,,,,,,　１．なし　　２．あり,,,,,,,,,,,,,,,,,,,,,,
,,,,,,,,,,,,,,,,,,,,,,,,,,,,,,,医療連携体制加算（Ⅶ）,,,,,,　１．なし　　２．あり,,,,,,,,,,,,,,,,,,,,,,
,,,,,,,,,,,,,,,,,,,,,,,,,,,,,,,通勤者生活支援,,,,,,　１．なし　　２．あり,,,,,,,,,,,,,,,,,,,,,,
,,,,,,,,,,,,,,,,,,,,,,,,,,,,,,,医療的ケア対応支援体制,,,,,,　１．なし　　２．あり,,,,,,,,,,,,,,,,,,,,,,
,,,,,,,,,,,,,,,,,,,,,,,,,,,,,,,福祉・介護職員処遇改善加算対象,,,,,,　１．なし　　２．あり,,,,,,,,,,,,,,,,,,,,,,
,,,,,,,,,,,,,,,,,,,,,,,,,,,,,,,福祉・介護職員等特定処遇改善加算対象,,,,,,　１．なし　　２．あり,,,,,,,,,,,,,,,,,,,,,,
,,,,,,,,,,,,,,,,,,,,,,,,,,,,,,,福祉・介護職員等ベースアップ等支援加算対象,,,,,,　１．なし　　２．あり,,,,,,,,,,,,,,,,,,,,,,
,,,,,,,,,,,,,,,,,,,,,,,,,,,,,,,キャリアパス区分（※3）,,,,,,"  １．Ⅲ（キャリアパス要件（Ⅰ又はⅡ）及び職場環境等要件のいずれも満たす）
  ５．Ⅱ（キャリアパス要件（Ⅰ及びⅡ）及び職場環境等要件のいずれも満たす）
  ６．Ⅰ（キャリアパス要件（Ⅰ及びⅡ及びⅢ）及び職場環境等要件のいずれも満たす）",,,,,,,,,,,,,,,,,,,,,,
,,,,,,,,,,,,,,,,,,,,,,,,,,,,,,,福祉・介護職員等特定処遇改善加算区分（※4）,,,,,,　１．Ⅰ　　２．Ⅱ,,,,,,,,,,,,,,,,,,,,,,
,,,,,,,,,,,,,,,,,,,,,,,,,,,,,,,指定管理者制度適用区分,,,,,,　１．非該当　　２．該当,,,,,,,,,,,,,,,,,,,,,,
,,,,,,,,,,,,,,,,,,,,,,,,,,,,,,,地域生活支援拠点等,,,,,,　１．非該当　　２．該当,,,,,,,,,,,,,,,,,,,,,,
地域相談支援,地域移行支援,,,,,,,,,,,,,,,,,,,,,,,,,,,,,,施設区分,,,,,,　１．Ⅱ　　２．Ⅲ　　３．Ⅰ,,,,,,,,,,,,,,,,,,,,,,
,,,,,,,,,,,,,,,,,,,,,,,,,,,,,,,居住支援連携体制,,,,,,　１．非該当　　２．該当,,,,,,,,,,,,,,,,,,,,,,
,,,,,,,,,,,,,,,,,,,,,,,,,,,,,,,ピアサポート体制,,,,,,　１．なし　　２．あり,,,,,,,,,,,,,,,,,,,,,,
,,,,,,,,,,,,,,,,,,,,,,,,,,,,,,,地域生活支援拠点等,,,,,,　１．非該当　　２．該当,,,,,,,,,,,,,,,,,,,,,,
,地域定着支援,,,,,,,,,,,,,,,,,,,,,,,,,,,,,,居住支援連携体制,,,,,,　１．非該当　　２．該当,,,,,,,,,,,,,,,,,,,,,,
,,,,,,,,,,,,,,,,,,,,,,,,,,,,,,,ピアサポート体制,,,,,,　１．なし　　２．あり,,,,,,,,,,,,,,,,,,,,,,
,,,,,,,,,,,,,,,,,,,,,,,,,,,,,,,地域生活支援拠点等,,,,,,　１．非該当　　２．該当,,,,,,,,,,,,,,,,,,,,,,
相談支援,計画相談支援,,,,,,,,,,,,,,,,,,,,,,,,,,,,,,相談支援機能強化型体制,,,,,,１．なし　２．Ⅱ　４．Ⅰ　５．Ⅲ　６．Ⅳ,,,,,,,,,,,,,,,,,,,,,,
,,,,,,,,,,,,,,,,,,,,,,,,,,,,,,,行動障害支援体制,,,,,,　１．なし　　２．あり,,,,,,,,,,,,,,,,,,,,,,
,,,,,,,,,,,,,,,,,,,,,,,,,,,,,,,要医療児者支援体制,,,,,,　１．なし　　２．あり,,,,,,,,,,,,,,,,,,,,,,
,,,,,,,,,,,,,,,,,,,,,,,,,,,,,,,精神障害者支援体制,,,,,,　１．なし　　２．あり,,,,,,,,,,,,,,,,,,,,,,
,,,,,,,,,,,,,,,,,,,,,,,,,,,,,,,主任相談支援専門員配置,,,,,,　１．なし　　２．あり,,,,,,,,,,,,,,,,,,,,,,
,,,,,,,,,,,,,,,,,,,,,,,,,,,,,,,ピアサポート体制,,,,,,　１．なし　　２．あり,,,,,,,,,,,,,,,,,,,,,,
,,,,,,,,,,,,,,,,,,,,,,,,,,,,,,,地域生活支援拠点等,,,,,,　１．非該当　　２．該当,,,,,,,,,,,,,,,,,,,,,,
,,,,,,,,,,,,,,,,,,,,,,,,,,,,,,,,,,,,,,,,,,,,,,,,,,,,,,,,,,,
,,,,,,,,,,,,,,,,,,,,,,,,,,,,,,,,,,,,,,,,,,,,,,,,,,,,,,,,,,,
※１,,"多機能型事業所または複数の単位でサービス提供している事業所については、一体的な管理による複数サービス種類の利用定員の合計数を利用定員とした場合の報酬を算定することとなるため、「定員区分」には利用定員の合計数を設定する。
ただし、以下の加算については、サービス種類毎または単位毎の利用定員に応じた報酬を算定する。
　生活介護・・・人員配置体制加算、常勤看護職員等配置加算、就労移行支援体制加算
　施設入所支援・・・夜勤職員配置体制加算
　自立訓練（機能訓練・生活訓練）・・・就労移行支援体制加算
　就労継続支援Ａ型・・・重度者支援体制加算、就労移行支援体制加算、賃金向上達成指導員配置加算
　就労継続支援Ｂ型・・・重度者支援体制加算、目標工賃達成指導員配置加算、就労移行支援体制加算

その場合、「多機能型等定員区分（加算）」には、以下の内容を設定する。
　生活介護、施設入所支援、自立訓練（機能訓練・生活訓練）・・・各サービス種類の単位毎の利用定員。
　就労継続支援A型、就労継続支援B型・・・各サービス種類の利用定員。

なお、「定員区分」と「多機能型等定員区分（加算）」が同一の場合、「多機能型等定員区分（加算）」は設定しない。",,,,,,,,,,,,,,,,,,,,,,,,,,,,,,,,,,,,,,,,,,,,,,,,,,,,,,,,,
,,,,,,,,,,,,,,,,,,,,,,,,,,,,,,,,,,,,,,,,,,,,,,,,,,,,,,,,,,,
※２,,「人員配置区分」欄には、報酬算定上の区分を設定する。,,,,,,,,,,,,,,,,,,,,,,,,,,,,,,,,,,,,,,,,,,,,,,,,,,,,,,,,,
※３,,「キャリアパス区分」欄は、福祉・介護職員処遇改善加算対象が「２．あり」の場合に設定する。,,,,,,,,,,,,,,,,,,,,,,,,,,,,,,,,,,,,,,,,,,,,,,,,,,,,,,,,,
※４,,「福祉・介護職員等特定処遇改善加算区分」欄は、福祉・介護職員等特定処遇改善加算対象が「２．あり」の場合に設定する。,,,,,,,,,,,,,,,,,,,,,,,,,,,,,,,,,,,,,,,,,,,,,,,,,,,,,,,,,
,,,,,,,,,,,,,,,,,,,,,,,,,,,,,,,,,,,,,,,,,,,,,,,,,,,,,,,,,,,
※５,, 18歳以上の障害児施設入所者への対応として、児童福祉法に基づく指定基準を満たすことをもって、障害者総合支援法に基づく指定基準を満たしているものとみなす特例措置の対象を設定する。,,,,,,,,,,,,,,,,,,,,,,,,,,,,,,,,,,,,,,,,,,,,,,,,,,,,,,,,,
※６,,「開所時間減算区分」欄は、開所時間減算が「２．あり」の場合に設定する。,,,,,,,,,,,,,,,,,,,,,,,,,,,,,,,,,,,,,,,,,,,,,,,,,,,,,,,,,
※７,,「共生型サービス対象区分」欄が「２．該当」の場合に設定する。,,,,,,,,,,,,,,,,,,,,,,,,,,,,,,,,,,,,,,,,,,,,,,,,,,,,,,,,,
※８,,"就労移行支援について、令和３年度報酬改定の基本報酬体系適用後の新規事業所及び指定を受けた日から2年を経過しない既存事業所の場合、「08:無し（経過措置対象）」を設定する。
就労移行支援（養成）について、指定を受けた日から3年（修業年限が5年の場合は5年）を経過しない既存事業所の場合、「08:無し（経過措置対象）」を設定する。
就労継続支援Ａ型について、指定を受けた日から1年を経過しない事業所の場合、「08:無し（経過措置対象）」を設定する。
就労継続支援Ｂ型について、指定を受けた日から1年を経過しない事業所の場合、「08:無し（経過措置対象）」を設定する。 ",,,,,,,,,,,,,,,,,,,,,,,,,,,,,,,,,,,,,,,,,,,,,,,,,,,,,,,,,
,,,,,,,,,,,,,,,,,,,,,,,,,,,,,,,,,,,,,,,,,,,,,,,,,,,,,,,,,,,
,,,,,,,,,,,,,,,,,,,,,,,,,,,,,,,,,,,,,,,,,,,,,,,,,,,,,,,,,,,
※９,,「大規模住居」欄の「２．定員8人以上」は、施設区分が「介護サービス包括型」及び「外部サービス利用型」の場合に限る。また、「４．定員21人以上（一体的な運営が行われている場合）」は、施設区分が「介護サービス包括型」及び「日中サービス支援型」の場合に限る。,,,,,,,,,,,,,,,,,,,,,,,,,,,,,,,,,,,,,,,,,,,,,,,,,,,,,,,,,
,,,,,,,,,,,,,,,,,,,,,,,,,,,,,,,,,,,,,,,,,,,,,,,,,,,,,,,,,,,
※１０,,「重度障害者支援職員配置」欄は、施設区分が「介護サービス包括型」及び「日中サービス支援型」の場合に設定する。,,,,,,,,,,,,,,,,,,,,,,,,,,,,,,,,,,,,,,,,,,,,,,,,,,,,,,,,,
,,,,,,,,,,,,,,,,,,,,,,,,,,,,,,,,,,,,,,,,,,,,,,,,,,,,,,,,,,,
,,,,,,,,,,,,,,,,,,,,,,,,,,,,,,,,,,,,,,,,,,,,,,,,,,,,,,,,,,,
,,,,,,,,,,,,,,,,,,,,,,,,,,,,,,,,,,,,,,,,,,,,,,,,,,,,,,,,,,,
,,,,,,,,,,,,,,,,,,,,,,,,,,,,,,,,,,,,,,,,,,,,,,,,,,,,,,,,,,,
,,,,,,,,,,,,,,,,,,,,,,,,,,,,,,,,,,,,,,,,,,,,,,,,,,,,,,,,,,,
,,,,,,,,,,,,,,,,,,,,,,,,,,,,,,,,,,,,,,,,,,,,,,,,,,,,,,,,,,,
,,,,,,,,,,,,,,,,,,,,,,,,,,,,,,,,,,,,,,,,,,,,,,,,,,,,,,,,,,,
,,,,,,,,,,,,,,,,,,,,,,,,,,,,,,,,,,,,,,,,,,,,,,,,,,,,,,,,,,,
,,,,,,,,,,,,,,,,,,,,,,,,,,,,,,,,,,,,,,,,,,,,,,,,,,,,,,,,,,,
,,,,,,,,,,,,,,,,,,,,,,,,,,,,,,,,,,,,,,,,,,,,,,,,,,,,,,,,,,,
,,,,,,,,,,,,,,,,,,,,,,,,,,,,,,,,,,,,,,,,,,,,,,,,,,,,,,,,,,,
,,,,,,,,,,,,,,,,,,,,,,,,,,,,,,,,,,,,,,,,,,,,,,,,,,,,,,,,,,,
,,,,,,,,,,,,,,,,,,,,,,,,,,,,,,,,,,,,,,,,,,,,,,,,,,,,,,,,,,,
,,,,,,,,,,,,,,,,,,,,,,,,,,,,,,,,,,,,,,,,,,,,,,,,,,,,,,,,,,,
,,,,,,,,,,,,,,,,,,,,,,,,,,,,,,,,,,,,,,,,,,,,,,,,,,,,,,,,,,,
,,,,,,,,,,,,,,,,,,,,,,,,,,,,,,,,,,,,,,,,,,,,,,,,,,,,,,,,,,,
,,,,,,,,,,,,,,,,,,,,,,,,,,,,,,,,,,,,,,,,,,,,,,,,,,,,,,,,,,,
,,,,,,,,,,,,,,,,,,,,,,,,,,,,,,,,,,,,,,,,,,,,,,,,,,,,,,,,,,,
,,,,,,,,,,,,,,,,,,,,,,,,,,,,,,,,,,,,,,,,,,,,,,,,,,,,,,,,,,,
,,,,,,,,,,,,,,,,,,,,,,,,,,,,,,,,,,,,,,,,,,,,,,,,,,,,,,,,,,,
,,,,,,,,,,,,,,,,,,,,,,,,,,,,,,,,,,,,,,,,,,,,,,,,,,,,,,,,,,,
,,,,,,,,,,,,,,,,,,,,,,,,,,,,,,,,,,,,,,,,,,,,,,,,,,,,,,,,,,,
,,,,,,,,,,,,,,,,,,,,,,,,,,,,,,,,,,,,,,,,,,,,,,,,,,,,,,,,,,,
,,,,,,,,,,,,,,,,,,,,,,,,,,,,,,,,,,,,,,,,,,,,,,,,,,,,,,,,,,,
,,,,,,,,,,,,,,,,,,,,,,,,,,,,,,,,,,,,,,,,,,,,,,,,,,,,,,,,,,,
,,,,,,,,,,,,,,,,,,,,,,,,,,,,,,,,,,,,,,,,,,,,,,,,,,,,,,,,,,,
,,,,,,,,,,,,,,,,,,,,,,,,,,,,,,,,,,,,,,,,,,,,,,,,,,,,,,,,,,,
,,,,,,,,,,,,,,,,,,,,,,,,,,,,,,,,,,,,,,,,,,,,,,,,,,,,,,,,,,,
,,,,,,,,,,,,,,,,,,,,,,,,,,,,,,,,,,,,,,,,,,,,,,,,,,,,,,,,,,,
,,,,,,,,,,,,,,,,,,,,,,,,,,,,,,,,,,,,,,,,,,,,,,,,,,,,,,,,,,,
,,,,,,,,,,,,,,,,,,,,,,,,,,,,,,,,,,,,,,,,,,,,,,,,,,,,,,,,,,,
,,,,,,,,,,,,,,,,,,,,,,,,,,,,,,,,,,,,,,,,,,,,,,,,,,,,,,,,,,,
,,,,,,,,,,,,,,,,,,,,,,,,,,,,,,,,,,,,,,,,,,,,,,,,,,,,,,,,,,,
,,,,,,,,,,,,,,,,,,,,,,,,,,,,,,,,,,,,,,,,,,,,,,,,,,,,,,,,,,,
,,,,,,,,,,,,,,,,,,,,,,,,,,,,,,,,,,,,,,,,,,,,,,,,,,,,,,,,,,,
,,,,,,,,,,,,,,,,,,,,,,,,,,,,,,,,,,,,,,,,,,,,,,,,,,,,,,,,,,,
,,,,,,,,,,,,,,,,,,,,,,,,,,,,,,,,,,,,,,,,,,,,,,,,,,,,,,,,,,,
,,,,,,,,,,,,,,,,,,,,,,,,,,,,,,,,,,,,,,,,,,,,,,,,,,,,,,,,,,,
,,,,,,,,,,,,,,,,,,,,,,,,,,,,,,,,,,,,,,,,,,,,,,,,,,,,,,,,,,,
,,,,,,,,,,,,,,,,,,,,,,,,,,,,,,,,,,,,,,,,,,,,,,,,,,,,,,,,,,,
,,,,,,,,,,,,,,,,,,,,,,,,,,,,,,,,,,,,,,,,,,,,,,,,,,,,,,,,,,,
,,,,,,,,,,,,,,,,,,,,,,,,,,,,,,,,,,,,,,,,,,,,,,,,,,,,,,,,,,,
,,,,,,,,,,,,,,,,,,,,,,,,,,,,,,,,,,,,,,,,,,,,,,,,,,,,,,,,,,,
,,,,,,,,,,,,,,,,,,,,,,,,,,,,,,,,,,,,,,,,,,,,,,,,,,,,,,,,,,,
,,,,,,,,,,,,,,,,,,,,,,,,,,,,,,,,,,,,,,,,,,,,,,,,,,,,,,,,,,,
,,,,,,,,,,,,,,,,,,,,,,,,,,,,,,,,,,,,,,,,,,,,,,,,,,,,,,,,,,,
,,,,,,,,,,,,,,,,,,,,,,,,,,,,,,,,,,,,,,,,,,,,,,,,,,,,,,,,,,,
,,,,,,,,,,,,,,,,,,,,,,,,,,,,,,,,,,,,,,,,,,,,,,,,,,,,,,,,,,,
,,,,,,,,,,,,,,,,,,,,,,,,,,,,,,,,,,,,,,,,,,,,,,,,,,,,,,,,,,,
,,,,,,,,,,,,,,,,,,,,,,,,,,,,,,,,,,,,,,,,,,,,,,,,,,,,,,,,,,,
,,,,,,,,,,,,,,,,,,,,,,,,,,,,,,,,,,,,,,,,,,,,,,,,,,,,,,,,,,,
,,,,,,,,,,,,,,,,,,,,,,,,,,,,,,,,,,,,,,,,,,,,,,,,,,,,,,,,,,,
,,,,,,,,,,,,,,,,,,,,,,,,,,,,,,,,,,,,,,,,,,,,,,,,,,,,,,,,,,,
,,,,,,,,,,,,,,,,,,,,,,,,,,,,,,,,,,,,,,,,,,,,,,,,,,,,,,,,,,,
,,,,,,,,,,,,,,,,,,,,,,,,,,,,,,,,,,,,,,,,,,,,,,,,,,,,,,,,,,,
,,,,,,,,,,,,,,,,,,,,,,,,,,,,,,,,,,,,,,,,,,,,,,,,,,,,,,,,,,,
,,,,,,,,,,,,,,,,,,,,,,,,,,,,,,,,,,,,,,,,,,,,,,,,,,,,,,,,,,,
,,,,,,,,,,,,,,,,,,,,,,,,,,,,,,,,,,,,,,,,,,,,,,,,,,,,,,,,,,,
,,,,,,,,,,,,,,,,,,,,,,,,,,,,,,,,,,,,,,,,,,,,,,,,,,,,,,,,,,,
,,,,,,,,,,,,,,,,,,,,,,,,,,,,,,,,,,,,,,,,,,,,,,,,,,,,,,,,,,,
,,,,,,,,,,,,,,,,,,,,,,,,,,,,,,,,,,,,,,,,,,,,,,,,,,,,,,,,,,,
,,,,,,,,,,,,,,,,,,,,,,,,,,,,,,,,,,,,,,,,,,,,,,,,,,,,,,,,,,,
,,,,,,,,,,,,,,,,,,,,,,,,,,,,,,,,,,,,,,,,,,,,,,,,,,,,,,,,,,,
,,,,,,,,,,,,,,,,,,,,,,,,,,,,,,,,,,,,,,,,,,,,,,,,,,,,,,,,,,,
,,,,,,,,,,,,,,,,,,,,,,,,,,,,,,,,,,,,,,,,,,,,,,,,,,,,,,,,,,,
,,,,,,,,,,,,,,,,,,,,,,,,,,,,,,,,,,,,,,,,,,,,,,,,,,,,,,,,,,,
,,,,,,,,,,,,,,,,,,,,,,,,,,,,,,,,,,,,,,,,,,,,,,,,,,,,,,,,,,,
,,,,,,,,,,,,,,,,,,,,,,,,,,,,,,,,,,,,,,,,,,,,,,,,,,,,,,,,,,,
,,,,,,,,,,,,,,,,,,,,,,,,,,,,,,,,,,,,,,,,,,,,,,,,,,,,,,,,,,,
,,,,,,,,,,,,,,,,,,,,,,,,,,,,,,,,,,,,,,,,,,,,,,,,,,,,,,,,,,,
,,,,,,,,,,,,,,,,,,,,,,,,,,,,,,,,,,,,,,,,,,,,,,,,,,,,,,,,,,,
,,,,,,,,,,,,,,,,,,,,,,,,,,,,,,,,,,,,,,,,,,,,,,,,,,,,,,,,,,,
,,,,,,,,,,,,,,,,,,,,,,,,,,,,,,,,,,,,,,,,,,,,,,,,,,,,,,,,,,,
,,,,,,,,,,,,,,,,,,,,,,,,,,,,,,,,,,,,,,,,,,,,,,,,,,,,,,,,,,,
,,,,,,,,,,,,,,,,,,,,,,,,,,,,,,,,,,,,,,,,,,,,,,,,,,,,,,,,,,,
,,,,,,,,,,,,,,,,,,,,,,,,,,,,,,,,,,,,,,,,,,,,,,,,,,,,,,,,,,,
,,,,,,,,,,,,,,,,,,,,,,,,,,,,,,,,,,,,,,,,,,,,,,,,,,,,,,,,,,,
,,,,,,,,,,,,,,,,,,,,,,,,,,,,,,,,,,,,,,,,,,,,,,,,,,,,,,,,,,,
,,,,,,,,,,,,,,,,,,,,,,,,,,,,,,,,,,,,,,,,,,,,,,,,,,,,,,,,,,,
,,,,,,,,,,,,,,,,,,,,,,,,,,,,,,,,,,,,,,,,,,,,,,,,,,,,,,,,,,,
,,,,,,,,,,,,,,,,,,,,,,,,,,,,,,,,,,,,,,,,,,,,,,,,,,,,,,,,,,,
,,,,,,,,,,,,,,,,,,,,,,,,,,,,,,,,,,,,,,,,,,,,,,,,,,,,,,,,,,,
,,,,,,,,,,,,,,,,,,,,,,,,,,,,,,,,,,,,,,,,,,,,,,,,,,,,,,,,,,,
,,,,,,,,,,,,,,,,,,,,,,,,,,,,,,,,,,,,,,,,,,,,,,,,,,,,,,,,,,,
,,,,,,,,,,,,,,,,,,,,,,,,,,,,,,,,,,,,,,,,,,,,,,,,,,,,,,,,,,,
,,,,,,,,,,,,,,,,,,,,,,,,,,,,,,,,,,,,,,,,,,,,,,,,,,,,,,,,,,,
,,,,,,,,,,,,,,,,,,,,,,,,,,,,,,,,,,,,,,,,,,,,,,,,,,,,,,,,,,,
,,,,,,,,,,,,,,,,,,,,,,,,,,,,,,,,,,,,,,,,,,,,,,,,,,,,,,,,,,,
,,,,,,,,,,,,,,,,,,,,,,,,,,,,,,,,,,,,,,,,,,,,,,,,,,,,,,,,,,,
,,,,,,,,,,,,,,,,,,,,,,,,,,,,,,,,,,,,,,,,,,,,,,,,,,,,,,,,,,,
,,,,,,,,,,,,,,,,,,,,,,,,,,,,,,,,,,,,,,,,,,,,,,,,,,,,,,,,,,,
,,,,,,,,,,,,,,,,,,,,,,,,,,,,,,,,,,,,,,,,,,,,,,,,,,,,,,,,,,,
,,,,,,,,,,,,,,,,,,,,,,,,,,,,,,,,,,,,,,,,,,,,,,,,,,,,,,,,,,,
,,,,,,,,,,,,,,,,,,,,,,,,,,,,,,,,,,,,,,,,,,,,,,,,,,,,,,,,,,,
,,,,,,,,,,,,,,,,,,,,,,,,,,,,,,,,,,,,,,,,,,,,,,,,,,,,,,,,,,,
,,,,,,,,,,,,,,,,,,,,,,,,,,,,,,,,,,,,,,,,,,,,,,,,,,,,,,,,,,,
,,,,,,,,,,,,,,,,,,,,,,,,,,,,,,,,,,,,,,,,,,,,,,,,,,,,,,,,,,,
,,,,,,,,,,,,,,,,,,,,,,,,,,,,,,,,,,,,,,,,,,,,,,,,,,,,,,,,,,,
,,,,,,,,,,,,,,,,,,,,,,,,,,,,,,,,,,,,,,,,,,,,,,,,,,,,,,,,,,,
,,,,,,,,,,,,,,,,,,,,,,,,,,,,,,,,,,,,,,,,,,,,,,,,,,,,,,,,,,,
,,,,,,,,,,,,,,,,,,,,,,,,,,,,,,,,,,,,,,,,,,,,,,,,,,,,,,,,,,,
,,,,,,,,,,,,,,,,,,,,,,,,,,,,,,,,,,,,,,,,,,,,,,,,,,,,,,,,,,,
,,,,,,,,,,,,,,,,,,,,,,,,,,,,,,,,,,,,,,,,,,,,,,,,,,,,,,,,,,,
,,,,,,,,,,,,,,,,,,,,,,,,,,,,,,,,,,,,,,,,,,,,,,,,,,,,,,,,,,,
,,,,,,,,,,,,,,,,,,,,,,,,,,,,,,,,,,,,,,,,,,,,,,,,,,,,,,,,,,,
,,,,,,,,,,,,,,,,,,,,,,,,,,,,,,,,,,,,,,,,,,,,,,,,,,,,,,,,,,,
,,,,,,,,,,,,,,,,,,,,,,,,,,,,,,,,,,,,,,,,,,,,,,,,,,,,,,,,,,,
,,,,,,,,,,,,,,,,,,,,,,,,,,,,,,,,,,,,,,,,,,,,,,,,,,,,,,,,,,,
,,,,,,,,,,,,,,,,,,,,,,,,,,,,,,,,,,,,,,,,,,,,,,,,,,,,,,,,,,,
,,,,,,,,,,,,,,,,,,,,,,,,,,,,,,,,,,,,,,,,,,,,,,,,,,,,,,,,,,,
,,,,,,,,,,,,,,,,,,,,,,,,,,,,,,,,,,,,,,,,,,,,,,,,,,,,,,,,,,,
,,,,,,,,,,,,,,,,,,,,,,,,,,,,,,,,,,,,,,,,,,,,,,,,,,,,,,,,,,,
,,,,,,,,,,,,,,,,,,,,,,,,,,,,,,,,,,,,,,,,,,,,,,,,,,,,,,,,,,,
,,,,,,,,,,,,,,,,,,,,,,,,,,,,,,,,,,,,,,,,,,,,,,,,,,,,,,,,,,,
,,,,,,,,,,,,,,,,,,,,,,,,,,,,,,,,,,,,,,,,,,,,,,,,,,,,,,,,,,,
,,,,,,,,,,,,,,,,,,,,,,,,,,,,,,,,,,,,,,,,,,,,,,,,,,,,,,,,,,,
,,,,,,,,,,,,,,,,,,,,,,,,,,,,,,,,,,,,,,,,,,,,,,,,,,,,,,,,,,,
,,,,,,,,,,,,,,,,,,,,,,,,,,,,,,,,,,,,,,,,,,,,,,,,,,,,,,,,,,,
,,,,,,,,,,,,,,,,,,,,,,,,,,,,,,,,,,,,,,,,,,,,,,,,,,,,,,,,,,,
,,,,,,,,,,,,,,,,,,,,,,,,,,,,,,,,,,,,,,,,,,,,,,,,,,,,,,,,,,,
,,,,,,,,,,,,,,,,,,,,,,,,,,,,,,,,,,,,,,,,,,,,,,,,,,,,,,,,,,,
,,,,,,,,,,,,,,,,,,,,,,,,,,,,,,,,,,,,,,,,,,,,,,,,,,,,,,,,,,,
,,,,,,,,,,,,,,,,,,,,,,,,,,,,,,,,,,,,,,,,,,,,,,,,,,,,,,,,,,,
,,,,,,,,,,,,,,,,,,,,,,,,,,,,,,,,,,,,,,,,,,,,,,,,,,,,,,,,,,,
,,,,,,,,,,,,,,,,,,,,,,,,,,,,,,,,,,,,,,,,,,,,,,,,,,,,,,,,,,,
,,,,,,,,,,,,,,,,,,,,,,,,,,,,,,,,,,,,,,,,,,,,,,,,,,,,,,,,,,,
,,,,,,,,,,,,,,,,,,,,,,,,,,,,,,,,,,,,,,,,,,,,,,,,,,,,,,,,,,,
